"Rank","Previous","School","Conference","Record","Road","Neutral","Home","Quad 1","Quad 2","Quad 3","Quad 4"
"1","1","UConn","Big East","37-3","10-2","12-0","15-1","10-3","7-0","10-0","10-0"
"2","2","South Carolina","SEC","35-4","8-2","11-1","16-1","19-4","5-0","3-0","8-0"
"3","3","Texas","SEC","35-4","10-2","8-2","17-0","16-4","5-0","4-0","10-0"
"4","5","Notre Dame","ACC","28-6","11-1","1-4","16-1","7-6","8-0","5-0","8-0"
"5","4","UCLA","Big Ten","34-3","10-1","10-1","14-1","16-3","5-0","3-0","10-0"
"6","6","Southern California","Big Ten","31-4","9-1","6-2","16-1","14-4","4-0","4-0","9-0"
"7","7","Duke","ACC","29-8","8-6","6-1","15-1","10-6","9-2","5-0","5-0"
"8","8","TCU","Big 12","34-4","7-2","6-2","21-0","9-4","5-0","6-0","14-0"
"9","9","Kansas St.","Big 12","28-8","7-4","4-3","17-1","3-7","5-1","8-0","12-0"
"10","10","LSU","SEC","31-6","6-3","6-2","19-1","8-6","7-0","2-0","14-0"
"11","11","Ole Miss","SEC","22-11","8-3","3-4","11-4","7-10","2-0","4-1","9-0"
"12","14","Tennessee","SEC","24-10","6-4","5-2","13-4","7-9","4-0","4-0","9-1"
"13","12","West Virginia","Big 12","25-8","5-6","4-2","16-0","2-6","5-2","5-0","13-0"
"14","13","Oklahoma","SEC","27-8","8-3","4-3","15-2","8-8","3-0","4-0","12-0"
"15","16","NC State","ACC","28-7","7-3","3-4","18-0","9-7","2-0","9-0","8-0"
"16","15","Baylor","Big 12","28-8","8-2","4-3","16-3","3-7","7-1","6-0","12-0"
"17","17","Alabama","SEC","24-9","6-6","5-1","13-2","5-8","4-1","4-0","11-0"
"18","19","Ohio St.","Big Ten","25-7","6-5","4-1","15-1","5-6","8-0","3-1","9-0"
"19","18","Kentucky","SEC","23-8","6-4","2-1","15-3","5-7","5-0","4-1","9-0"
"20","20","North Carolina","ACC","29-8","9-1","6-3","14-4","8-6","4-1","8-1","9-0"
"21","21","Michigan St.","Big Ten","22-10","5-6","4-2","13-2","4-9","5-1","3-0","10-0"
"22","22","Vanderbilt","SEC","22-11","7-4","2-3","13-4","3-9","5-2","1-0","13-0"
"23","25","Florida St.","ACC","24-9","7-5","4-1","13-3","3-7","6-2","6-0","9-0"
"24","24","Iowa","Big Ten","23-11","6-5","7-2","10-4","6-8","4-3","3-0","10-0"
"25","23","Michigan","Big Ten","23-11","6-5","5-3","12-3","5-10","7-0","1-1","10-0"
"26","28","Maryland","Big Ten","25-8","10-1","2-3","13-4","9-6","2-2","5-0","9-0"
"27","26","Utah","Big 12","22-9","7-4","1-3","14-2","3-6","5-1","6-2","8-0"
"28","27","Oklahoma St.","Big 12","25-7","6-3","2-3","17-1","5-3","2-1","7-2","11-1"
"29","32","Illinois","Big Ten","22-10","6-5","2-2","14-3","5-8","2-2","5-0","10-0"
"30","30","Creighton","Big East","26-7","11-3","4-3","11-1","0-7","5-0","12-0","9-0"
"31","29","Georgia Tech","ACC","22-11","5-5","3-2","14-4","1-8","7-3","3-0","11-0"
"32","33","Richmond","Atlantic 10","28-7","11-2","5-3","12-2","2-4","5-1","4-0","17-2"
"33","31","Mississippi St.","SEC","22-12","6-7","6-1","10-4","3-10","3-2","4-0","12-0"
"34","35","Indiana","Big Ten","20-13","5-6","4-2","11-5","5-9","4-3","2-1","9-0"
"35","36","Louisville","ACC","22-11","10-4","3-3","9-4","2-10","8-1","6-0","6-0"
"36","37","Iowa St.","Big 12","23-12","5-6","3-4","15-2","1-10","3-1","8-1","11-0"
"37","39","Minnesota","Big Ten","25-11","5-6","6-1","14-4","0-8","5-3","4-0","16-0"
"38","34","Harvard","Ivy League","24-5","12-2","2-1","10-2","2-1","3-3","3-1","16-0"
"39","38","California","ACC","25-9","7-5","2-3","16-1","3-7","5-2","8-0","9-0"
"40","40","Nebraska","Big Ten","21-12","5-6","3-2","13-4","4-11","2-1","3-0","12-0"
"41","41","Oregon","Big Ten","20-12","4-6","1-3","15-3","5-10","2-2","4-0","9-0"
"42","42","Columbia","Ivy League","24-7","10-2","4-4","10-1","1-4","3-3","2-0","18-0"
"43","44","South Dakota St.","Summit League","28-4","11-2","5-1","12-1","1-4","3-0","3-0","21-0"
"44","43","Washington","Big Ten","19-14","5-5","2-3","12-6","3-9","2-4","2-0","12-1"
"45","45","George Mason","Atlantic 10","26-6","10-3","3-2","13-1","0-3","1-2","5-1","20-0"
"46","47","Princeton","Ivy League","21-8","10-5","0-2","11-1","1-2","3-4","4-2","13-0"
"47","46","Virginia Tech","ACC","19-13","6-4","1-3","12-6","1-8","4-2","3-3","11-0"
"48","50","Florida","SEC","19-18","5-6","2-5","12-7","1-13","5-3","2-1","11-1"
"49","48","UNLV","Mountain West","26-8","8-5","1-1","17-2","0-2","0-2","4-4","22-0"
"50","49","Stanford","ACC","16-15","2-9","0-2","14-4","1-9","2-4","5-2","8-0"
"51","60","Belmont","MVC","26-13","10-6","4-4","12-3","0-6","6-4","6-2","14-1"
"52","51","Murray St.","MVC","25-8","10-5","3-1","12-2","0-3","3-2","3-1","19-2"
"53","56","Saint Joseph's","Atlantic 10","23-10","8-5","3-1","12-4","2-2","1-2","2-3","18-3"
"54","53","Middle Tenn.","CUSA","26-9","10-6","3-3","13-0","0-2","0-5","2-2","24-0"
"55","54","Montana St.","Big Sky","28-4","10-3","6-0","12-1","0-2","1-0","2-1","25-1"
"56","57","Colorado","Big 12","21-13","3-9","3-1","15-3","2-8","1-2","5-1","13-2"
"57","52","Fairfield","MAAC","27-5","12-3","3-1","12-1","0-2","0-2","3-1","24-0"
"58","61","Grand Canyon","WAC","30-3","9-3","4-0","17-0","0-2","1-1","2-0","27-0"
"59","63","Marquette","Big East","20-11","7-8","1-1","12-2","0-4","2-2","5-4","13-1"
"60","55","James Madison","Sun Belt","30-6","12-2","2-2","16-2","0-3","2-1","5-1","23-1"
"61","58","Arizona","Big 12","19-14","7-5","0-3","12-6","1-6","1-5","5-3","12-0"
"62","59","FGCU","ASUN","28-4","9-3","2-0","17-1","0-2","0-1","1-1","27-0"
"63","62","Clemson","ACC","14-17","2-7","3-3","9-7","0-10","4-3","3-2","7-2"
"64","64","Auburn","SEC","11-18","2-10","2-2","7-6","0-12","2-2","2-3","7-1"
"65","69","Missouri St.","MVC","26-9","9-5","2-3","15-1","0-1","3-4","4-2","19-2"
"66","65","Ball St.","MAC","26-8","10-3","4-3","12-2","0-3","0-3","4-1","22-1"
"67","70","Villanova","Big East","21-15","8-6","2-4","11-5","0-6","5-5","7-2","9-2"
"68","77","Texas Tech","Big 12","19-18","4-10","4-2","11-6","1-8","2-5","6-3","10-2"
"69","66","Missouri","SEC","14-18","3-7","1-2","10-9","0-11","1-2","1-4","12-1"
"70","72","Green Bay","Horizon","27-6","11-2","4-2","12-2","0-2","0-1","5-2","22-1"
"71","68","Drake","MVC","22-12","10-4","2-3","10-5","0-3","2-4","2-4","18-1"
"72","75","St. John's (NY)","Big East","16-15","6-8","1-1","9-6","0-4","0-5","3-4","13-2"
"73","73","Virginia","ACC","17-15","6-4","2-3","9-8","1-5","3-5","3-4","10-1"
"74","74","Boston College","ACC","16-18","3-10","1-3","12-5","0-9","2-4","4-2","10-3"
"75","76","Seton Hall","Big East","23-10","8-2","1-3","14-5","0-6","3-2","4-2","16-0"
"76","79","Liberty","CUSA","24-7","8-5","5-1","11-1","0-3","2-2","1-0","21-2"
"77","67","South Fla.","The American","23-11","6-4","3-4","14-3","1-7","0-0","4-1","18-3"
"78","78","Norfolk St.","MEAC","28-5","12-3","5-2","11-0","0-3","2-0","1-1","25-1"
"79","71","UTSA","The American","26-5","11-4","2-1","13-0","0-0","0-2","2-2","24-1"
"80","85","Portland","WCC","30-5","13-2","3-1","14-2","0-0","3-1","2-1","25-3"
"81","81","Kansas","Big 12","16-14","3-6","3-2","10-6","1-8","1-3","4-3","10-0"
"82","88","Purdue Fort Wayne","Horizon","25-9","11-4","1-3","13-2","0-1","0-1","2-1","23-6"
"83","83","Syracuse","ACC","12-18","3-8","1-2","8-8","0-9","2-4","3-3","7-2"
"84","86","Miami (FL)","ACC","14-15","2-8","2-0","10-7","0-9","1-4","1-2","12-0"
"85","80","Wyoming","Mountain West","20-12","7-7","4-2","9-3","0-1","1-2","4-6","15-3"
"86","87","BYU","Big 12","13-17","4-8","1-2","8-7","0-7","1-3","2-4","10-3"
"87","89","Penn St.","Big Ten","10-19","1-10","2-0","7-9","1-8","0-4","0-4","9-3"
"88","94","Northern Ariz.","Big Sky","26-8","12-6","3-1","11-1","0-0","2-5","2-0","22-3"
"89","84","Davidson","Atlantic 10","18-14","7-8","1-3","10-3","0-3","1-7","2-2","15-2"
"90","82","SFA","Southland","27-6","10-5","6-0","11-1","0-1","0-1","4-1","23-3"
"91","91","Cincinnati","Big 12","15-14","5-6","1-2","9-6","0-7","1-5","5-1","9-1"
"92","90","Colorado St.","Mountain West","20-10","8-2","2-3","10-5","0-0","0-2","2-4","18-4"
"93","93","UNI","MVC","16-17","6-8","2-3","8-6","0-2","3-9","0-5","13-1"
"94","92","Vermont","America East","21-12","7-8","1-2","13-2","0-2","0-1","2-2","19-7"
"95","108","Gonzaga","WCC","24-11","11-4","0-4","13-3","0-2","2-3","5-2","17-4"
"96","97","Col. of Charleston","CAA","24-8","9-5","2-1","13-2","0-0","0-1","0-1","24-6"
"97","104","Buffalo","MAC","28-7","11-4","1-1","16-2","0-0","0-1","0-4","28-2"
"98","102","Temple","The American","20-11","10-5","2-1","8-5","0-2","1-4","1-3","18-2"
"99","99","Lamar University","Southland","20-8","8-5","1-2","11-1","0-1","0-1","1-4","19-2"
"100","98","Oral Roberts","Summit League","21-9","8-7","2-1","11-1","0-3","2-3","0-1","19-2"
"101","101","North Texas","The American","25-9","8-7","1-1","16-1","0-1","0-2","2-3","23-3"
"102","96","San Diego St.","Mountain West","23-10","10-4","5-1","8-5","0-1","2-1","1-4","20-4"
"103","100","Quinnipiac","MAAC","28-5","12-3","3-1","13-1","0-0","2-3","3-1","23-1"
"104","105","Wake Forest","ACC","9-20","1-11","0-0","8-9","0-7","0-8","2-4","7-1"
"105","95","Southeastern La.","Southland","24-6","11-4","2-2","11-0","0-1","0-1","1-2","23-2"
"106","106","Georgia","SEC","13-19","1-8","3-3","9-8","1-11","1-3","2-3","9-2"
"107","107","Western Ky.","CUSA","21-9","9-5","2-2","10-2","0-1","1-3","0-1","20-4"
"108","113","Cleveland St.","Horizon","24-10","8-7","3-1","13-2","0-1","0-1","3-4","21-4"
"109","112","Troy","Sun Belt","22-14","8-10","3-2","11-2","0-2","0-2","1-2","21-8"
"110","103","Lehigh","Patriot","26-7","10-6","0-0","16-1","0-2","0-0","1-0","25-5"
"111","110","Wisconsin","Big Ten","13-17","2-9","2-2","9-6","1-12","0-3","2-1","10-1"
"112","119","Rutgers","Big Ten","13-20","1-10","0-1","12-9","0-11","0-5","2-3","11-1"
"113","109","Kent St.","MAC","18-12","7-7","2-2","9-3","0-1","1-0","1-6","16-5"
"114","114","Texas A&M","SEC","10-19","0-9","1-3","9-7","2-11","0-2","2-3","6-3"
"115","111","Rhode Island","Atlantic 10","17-16","6-8","1-3","10-5","0-4","1-3","0-4","16-5"
"116","116","Georgetown","Big East","11-19","5-8","2-3","4-8","1-4","0-7","1-5","9-3"
"117","115","Toledo","MAC","23-9","7-5","4-2","12-2","0-2","0-2","4-2","19-3"
"118","120","Rice","The American","17-17","2-10","4-2","11-5","0-1","0-3","4-7","13-6"
"119","121","Northwestern","Big Ten","9-18","2-6","1-1","6-11","0-5","2-8","2-2","5-3"
"120","126","Oregon St.","WCC","18-16","6-9","5-3","7-4","0-3","1-1","4-4","13-8"
"121","122","Illinois St.","MVC","23-13","7-7","3-2","13-4","0-0","1-5","2-3","20-5"
"122","118","Coastal Carolina","Sun Belt","21-9","8-5","1-1","12-3","0-1","0-2","0-2","21-4"
"123","124","SMU","ACC","10-20","2-10","1-1","7-9","0-6","1-6","3-4","6-4"
"124","123","Washington St.","WCC","20-14","7-8","3-2","10-4","0-2","0-3","3-5","17-4"
"125","117","UAlbany","America East","25-7","10-6","0-0","15-1","0-1","0-1","1-2","24-3"
"126","125","Duquesne","Atlantic 10","20-13","7-7","1-1","12-5","0-2","2-1","0-5","18-5"
"127","130","DePaul","Big East","13-19","5-8","0-3","8-8","0-6","1-7","3-4","9-2"
"128","127","Butler","Big East","16-18","3-10","2-2","11-6","0-5","1-5","2-5","13-3"
"129","131","UCF","Big 12","12-18","2-9","1-2","9-7","0-8","0-5","3-3","9-2"
"130","129","Tulane","The American","17-13","5-6","2-2","10-5","0-1","1-1","2-4","14-7"
"131","128","Tennessee Tech","OVC","24-6","10-6","2-0","12-0","0-1","0-2","0-0","24-3"
"132","132","North Dakota St.","Summit League","19-12","6-7","2-2","11-3","0-2","0-1","2-3","17-6"
"133","134","Arizona St.","Big 12","10-22","3-10","2-3","5-9","0-7","0-6","3-4","7-5"
"134","138","Providence","Big East","12-19","4-9","1-3","7-7","0-3","0-6","6-5","6-5"
"135","136","Pittsburgh","ACC","13-19","4-8","0-4","9-7","0-8","0-4","4-6","9-1"
"136","137","Arkansas","SEC","10-22","3-7","0-5","7-10","0-12","1-1","2-5","7-4"
"137","141","Purdue","Big Ten","10-19","2-8","0-2","8-9","0-13","0-5","2-1","8-0"
"138","135","East Carolina","The American","17-15","6-8","1-2","10-5","0-1","1-4","0-5","16-5"
"139","140","Bowling Green","MAC","18-13","5-10","2-1","11-2","0-2","0-1","1-5","17-5"
"140","143","San Francisco","WCC","15-16","5-10","1-1","9-5","0-1","0-2","1-6","14-7"
"141","133","Tulsa","The American","17-15","5-7","1-4","11-4","0-1","0-3","1-4","16-7"
"142","152","Massachusetts","Atlantic 10","17-15","8-7","0-1","9-7","0-2","0-3","1-3","16-7"
"143","139","UNC Greensboro","SoCon","21-7","7-6","4-1","10-0","0-2","0-0","0-4","21-1"
"144","149","UIC","MVC","14-18","4-11","1-1","9-6","0-1","1-5","1-7","12-5"
"145","146","UC Davis","Big West","19-12","8-7","2-1","9-4","0-0","0-2","0-0","19-10"
"146","145","Miami (OH)","MAC","17-12","9-5","1-1","7-6","0-0","0-0","1-4","16-8"
"147","161","Abilene Christian","WAC","19-13","10-6","2-1","7-6","0-0","0-2","0-3","19-8"
"148","142","Arkansas St.","Sun Belt","20-11","7-9","2-0","11-2","0-1","1-0","1-1","18-9"
"149","148","Southern Ind.","OVC","20-13","5-9","4-1","11-3","0-3","1-0","0-0","19-10"
"150","147","Hawaii","Big West","22-10","8-6","0-2","14-2","0-1","0-3","0-1","22-5"
"151","154","New Mexico St.","CUSA","16-16","6-10","1-3","9-3","0-3","0-3","0-3","16-7"
"152","151","N.C. A&T","CAA","17-12","7-8","1-1","9-3","0-1","0-3","0-3","17-5"
"153","153","Idaho","Big Sky","16-12","8-7","0-1","8-4","0-0","0-2","0-4","16-6"
"154","150","Boise St.","Mountain West","16-15","2-8","3-4","11-3","0-1","0-3","2-3","14-8"
"155","144","Colgate","Patriot","21-10","10-5","0-1","11-4","0-1","0-0","1-0","20-9"
"156","156","New Mexico","Mountain West","17-14","6-5","0-1","11-8","0-0","0-3","3-3","14-8"
"157","158","UC Irvine","Big West","21-10","9-7","0-1","12-2","0-1","0-0","1-0","20-9"
"158","160","Campbell","CAA","20-13","6-10","4-1","10-2","0-0","0-1","3-3","17-9"
"159","159","VCU","Atlantic 10","12-19","5-7","1-3","6-9","0-2","1-2","0-4","11-11"
"160","162","Dayton","Atlantic 10","18-13","5-5","1-3","12-5","0-3","1-2","1-3","16-5"
"161","157","Holy Cross","Patriot","19-12","11-7","0-0","8-5","0-1","0-0","0-4","19-7"
"162","163","Penn","Ivy League","13-13","4-6","3-1","6-6","0-2","0-7","0-0","13-4"
"163","164","Old Dominion","Sun Belt","16-16","6-8","1-2","9-6","0-2","0-2","2-3","14-9"
"164","155","Army West Point","Patriot","24-8","12-5","0-0","12-3","0-0","0-0","0-3","24-5"
"165","166","FDU","NEC","27-4","12-4","0-0","15-0","0-2","0-0","0-2","27-0"
"166","167","Tarleton St.","WAC","18-14","5-9","2-2","11-3","0-2","0-2","0-1","18-9"
"167","168","Louisiana","Sun Belt","12-16","2-9","0-3","10-4","0-1","0-1","0-4","12-10"
"168","177","Lindenwood","OVC","22-11","8-8","1-1","13-2","0-1","0-0","0-2","22-8"
"169","169","Air Force","Mountain West","16-15","5-8","3-1","8-6","0-1","0-1","1-3","15-10"
"170","165","Central Ark.","ASUN","21-10","9-6","0-2","12-2","0-2","0-1","0-1","21-6"
"171","176","Eastern Ill.","OVC","18-12","5-11","0-1","13-0","0-4","0-0","0-0","18-8"
"172","172","Eastern Ky.","ASUN","19-12","9-8","0-0","10-4","0-2","0-2","0-1","19-7"
"173","174","Chattanooga","SoCon","14-15","5-8","2-2","7-5","0-2","0-1","0-1","14-11"
"174","173","Wofford","SoCon","13-12","4-9","1-1","8-2","0-3","0-0","0-2","13-7"
"175","170","UAB","The American","15-16","6-9","1-2","8-5","0-0","1-3","1-5","13-8"
"176","171","Bucknell","Patriot","17-14","7-10","0-0","10-4","0-0","0-0","0-3","17-11"
"177","179","Howard","MEAC","22-12","10-6","2-2","10-4","0-0","0-3","0-3","22-6"
"178","180","Houston","Big 12","5-25","0-12","0-3","5-10","0-7","1-4","0-8","4-6"
"179","178","Pacific","WCC","14-19","4-9","3-2","7-8","0-2","0-2","0-5","14-10"
"180","191","UT Arlington","WAC","16-14","4-12","2-1","10-1","0-0","0-4","0-3","16-7"
"181","187","Southern U.","SWAC","19-15","8-11","4-2","7-2","0-7","0-3","0-2","19-3"
"182","175","UC San Diego","Big West","18-16","8-7","3-1","7-8","0-0","0-1","0-1","18-14"
"183","181","ETSU","SoCon","15-13","5-9","1-1","9-3","0-2","0-1","0-0","15-10"
"184","183","Montana","Big Sky","12-18","3-10","2-3","7-5","0-2","1-4","1-3","10-9"
"185","185","Brown","Ivy League","11-15","4-8","1-1","6-6","0-4","0-4","1-1","10-6"
"186","188","Louisiana Tech","CUSA","16-16","2-12","1-1","13-3","0-2","0-3","1-4","15-7"
"187","186","Fresno St.","Mountain West","17-15","6-6","3-2","8-7","0-2","0-2","2-4","15-7"
"188","182","Lipscomb","ASUN","18-12","6-9","0-0","12-3","0-1","0-3","0-0","18-8"
"189","206","Utah Valley","WAC","17-13","7-7","2-2","8-4","0-0","0-2","0-3","17-8"
"190","190","Wichita St.","The American","9-22","3-10","0-3","6-9","0-2","0-2","0-9","9-9"
"191","189","Marshall","Sun Belt","13-20","3-9","5-2","5-9","0-0","0-3","0-6","13-11"
"192","192","Saint Mary's (CA)","WCC","14-17","5-10","2-1","7-6","0-1","0-1","0-4","14-11"
"193","184","Navy","Patriot","18-12","9-4","1-0","8-8","0-0","0-1","0-1","18-10"
"194","194","Central Mich.","MAC","13-17","6-8","1-2","6-7","0-2","0-1","0-4","13-10"
"195","209","Coppin St.","MEAC","18-15","10-8","2-3","6-4","0-3","0-3","0-4","18-5"
"196","197","Idaho St.","Big Sky","12-17","4-10","2-2","6-5","0-2","0-3","0-5","12-7"
"197","198","St. Thomas (MN)","Summit League","14-14","6-8","0-1","8-5","0-2","0-1","0-2","14-9"
"198","195","Ga. Southern","Sun Belt","15-18","4-10","4-2","7-6","0-0","0-2","0-3","15-13"
"199","201","Saint Louis","Atlantic 10","15-19","4-10","2-3","9-6","0-2","0-6","1-5","14-6"
"200","200","Fordham","Atlantic 10","15-14","5-9","0-2","10-3","0-1","1-3","1-1","13-9"
"201","202","ULM","Sun Belt","9-19","3-11","1-2","5-6","0-2","0-2","0-4","9-11"
"202","196","Nicholls","Southland","16-14","7-7","3-1","6-6","0-0","0-0","2-4","14-10"
"203","207","Northern Colo.","Big Sky","11-17","3-11","1-1","7-5","0-0","0-4","1-3","10-10"
"204","208","Bradley","MVC","13-19","4-12","2-1","7-6","0-1","0-5","0-5","13-8"
"205","199","High Point","Big South","19-12","8-5","3-4","8-3","0-1","0-0","2-0","17-11"
"206","204","Memphis","The American","7-23","1-13","0-1","6-9","0-2","0-5","1-5","6-11"
"207","203","Mount St. Mary's","MAAC","15-16","7-9","1-1","7-6","0-2","0-3","1-1","14-10"
"208","211","Sacramento St.","Big Sky","13-18","4-9","2-3","7-6","0-0","1-1","0-3","12-14"
"209","193","Northwestern St.","Southland","13-16","6-10","1-1","6-5","0-1","0-1","0-6","13-8"
"210","212","UT Martin","OVC","12-19","5-8","0-3","7-8","0-2","0-1","1-1","11-15"
"211","210","Georgia St.","Sun Belt","15-16","6-8","2-1","7-7","0-2","0-1","2-2","13-11"
"212","213","Drexel","CAA","16-13","4-9","1-2","11-2","0-1","0-2","0-2","16-8"
"213","222","Western Ill.","OVC","15-17","5-11","2-1","8-5","0-0","0-0","0-3","15-14"
"214","215","Eastern Wash.","Big Sky","9-20","2-12","0-2","7-6","0-2","0-2","0-5","9-11"
"215","218","Santa Clara","WCC","12-17","6-6","1-3","5-8","0-1","0-1","1-3","11-12"
"216","217","Alabama A&M","SWAC","20-11","11-5","1-2","8-4","0-2","0-0","0-1","20-8"
"217","214","Manhattan","MAAC","16-15","5-10","2-1","9-4","0-0","0-2","0-4","16-9"
"218","205","UIW","Southland","14-14","6-8","1-1","7-5","0-2","0-1","0-5","14-6"
"219","224","Valparaiso","MVC","11-19","3-11","1-2","7-6","0-0","0-6","1-5","10-8"
"220","220","UC Santa Barbara","Big West","16-13","7-6","1-1","8-6","0-0","0-1","0-0","16-12"
"221","219","Maine","America East","14-16","4-12","1-0","9-4","0-1","0-2","1-3","13-10"
"222","227","LMU (CA)","WCC","12-16","6-8","1-1","5-7","0-0","0-2","0-4","12-10"
"223","221","UC Riverside","Big West","15-15","6-11","1-1","8-3","0-0","0-1","0-0","15-14"
"224","223","Nevada","Mountain West","9-21","3-9","0-4","6-8","0-1","0-3","0-5","9-12"
"225","226","North Dakota","Summit League","9-19","2-10","1-3","6-6","0-1","0-3","0-4","9-11"
"226","216","UTRGV","Southland","14-16","6-9","0-1","8-6","0-1","0-2","2-3","12-10"
"227","229","UMES","MEAC","10-17","4-7","2-4","4-6","0-2","0-4","0-2","10-9"
"228","225","App State","Sun Belt","11-17","5-10","0-1","6-6","0-1","0-2","0-3","11-11"
"229","228","Jacksonville","ASUN","13-17","4-12","0-2","9-3","0-3","0-2","0-2","13-10"
"230","233","Jacksonville St.","CUSA","8-20","1-13","0-1","7-6","0-0","0-4","0-3","8-13"
"231","230","Bellarmine","ASUN","16-15","9-8","2-0","5-7","0-1","0-1","0-1","16-12"
"232","234","Kennesaw St.","CUSA","11-18","4-11","1-1","6-6","0-0","0-6","0-2","11-10"
"233","232","Delaware","CAA","13-17","5-8","2-2","6-7","0-0","0-0","0-2","13-15"
"234","231","Fla. Atlantic","The American","11-21","2-12","2-1","7-8","0-1","0-4","0-3","11-13"
"235","236","Little Rock","OVC","13-16","6-9","0-1","7-6","0-1","0-4","0-0","13-11"
"236","235","Weber St.","Big Sky","12-16","6-10","0-1","6-5","0-1","0-3","0-2","12-10"
"237","237","George Washington","Atlantic 10","12-18","5-7","2-2","5-9","0-2","0-2","1-1","11-13"
"238","242","NIU","MAC","12-17","6-9","1-0","5-8","0-1","0-1","1-3","11-12"
"239","240","Long Beach St.","Big West","15-14","7-7","0-1","8-6","0-2","0-0","0-1","15-11"
"240","243","Furman","SoCon","13-16","6-9","2-3","5-4","0-1","0-0","1-1","12-14"
"241","238","Siena","MAAC","17-14","7-8","0-1","10-5","0-1","0-1","0-1","17-11"
"242","244","Northern Ky.","Horizon","10-21","5-12","0-1","5-8","0-1","0-2","0-6","10-12"
"243","241","Austin Peay","ASUN","12-17","6-11","1-1","5-5","0-2","0-3","0-0","12-12"
"244","239","A&M-Corpus Christi","Southland","11-17","6-8","2-1","3-8","0-1","0-1","1-4","10-11"
"245","251","Longwood","Big South","19-12","9-6","2-1","8-5","0-0","0-2","0-1","19-9"
"246","248","Omaha","Summit League","12-17","5-10","2-1","5-6","0-3","0-2","0-3","12-9"
"247","253","Xavier","Big East","7-24","0-12","2-2","5-10","0-1","0-5","0-10","7-8"
"248","254","Robert Morris","Horizon","14-16","6-8","0-1","8-7","0-0","0-1","0-7","14-8"
"249","247","Towson","CAA","12-20","4-10","3-2","5-8","0-3","0-1","0-3","12-13"
"250","245","Charlotte","The American","11-21","4-10","2-2","5-9","0-1","0-1","0-8","11-11"
"251","250","Monmouth","CAA","16-15","5-10","1-1","10-4","0-1","0-0","1-1","15-13"
"252","246","Marist","MAAC","16-15","7-9","1-1","8-5","0-0","0-2","0-3","16-10"
"253","249","Texas St.","Sun Belt","11-17","8-6","0-1","3-10","0-1","0-0","0-4","11-12"
"254","252","Cornell","Ivy League","7-20","4-12","0-0","3-8","0-2","0-4","0-4","7-10"
"255","255","Western Caro.","SoCon","10-17","6-10","0-1","4-6","0-2","0-1","0-0","10-14"
"256","258","Bryant","America East","16-15","6-10","0-1","10-4","0-0","0-2","0-3","16-10"
"257","257","Denver","Summit League","7-20","1-11","0-1","6-8","0-1","0-2","0-1","7-16"
"258","256","Cal Poly","Big West","12-18","7-9","1-1","4-8","0-2","0-2","0-0","12-14"
"259","259","Western Mich.","MAC","11-18","6-9","0-1","5-8","0-1","0-1","0-7","11-9"
"260","261","Grambling","SWAC","12-15","6-10","0-2","6-3","0-3","0-1","0-2","12-9"
"261","262","Sam Houston","CUSA","10-17","4-10","1-1","5-6","0-0","0-4","0-5","10-8"
"262","264","California Baptist","WAC","12-19","6-9","0-2","6-8","0-2","0-5","0-1","12-11"
"263","275","William & Mary","CAA","15-19","4-13","7-0","4-6","0-3","0-1","0-0","15-15"
"264","260","Binghamton","America East","12-15","5-10","0-0","7-5","0-0","0-0","0-4","12-11"
"265","263","Merrimack","MAAC","14-17","3-13","1-1","10-3","0-0","0-2","0-4","14-11"
"266","269","Detroit Mercy","Horizon","14-15","4-10","0-0","10-5","0-2","0-1","0-5","14-7"
"267","266","Elon","CAA","14-15","7-8","0-1","7-6","0-1","0-1","0-1","14-12"
"268","265","South Dakota","Summit League","8-20","1-10","1-3","6-7","0-1","0-3","1-4","7-12"
"269","270","UTEP","CUSA","9-19","3-10","0-1","6-8","0-0","0-4","0-5","9-10"
"270","267","Hofstra","CAA","14-16","6-9","0-1","8-6","0-0","0-1","0-3","14-12"
"271","273","Samford","SoCon","8-19","4-11","0-2","4-6","0-4","0-0","0-1","8-14"
"272","274","Kansas City","Summit League","9-21","4-13","1-2","4-6","0-2","0-1","0-3","9-15"
"273","268","North Ala.","ASUN","11-17","4-12","0-0","7-5","0-1","0-0","0-2","11-14"
"274","271","Southern Miss.","Sun Belt","8-21","2-11","0-4","6-6","0-1","0-3","0-2","8-15"
"275","276","FIU","CUSA","10-19","2-9","1-1","7-9","0-0","0-3","1-2","9-14"
"276","272","Stetson","ASUN","14-15","3-11","1-1","10-3","0-0","0-1","0-3","14-11"
"277","277","Stony Brook","CAA","11-18","2-12","0-1","9-5","0-1","0-2","0-2","11-13"
"278","278","NJIT","America East","11-19","4-12","0-0","7-7","0-0","0-1","0-3","11-15"
"279","287","Texas Southern","SWAC","16-16","5-13","1-1","10-2","0-2","0-0","0-4","16-10"
"280","279","UNCW","CAA","12-18","4-10","2-1","6-7","0-1","0-1","0-3","12-13"
"281","282","Jackson St.","SWAC","16-15","8-10","1-3","7-2","0-2","0-2","0-1","16-10"
"282","284","San Diego","WCC","5-24","2-12","1-1","2-11","0-0","0-2","0-4","5-18"
"283","285","Pepperdine","WCC","8-22","3-13","0-1","5-8","0-1","0-1","0-4","8-16"
"284","286","Indiana St.","MVC","4-28","3-15","0-2","1-11","0-1","0-7","0-4","4-16"
"285","280","San Jose St.","Mountain West","8-22","2-10","1-2","5-10","0-0","0-3","1-3","7-16"
"286","281","West Ga.","ASUN","11-17","5-11","0-1","6-5","0-2","0-1","0-1","11-13"
"287","288","Loyola Chicago","Atlantic 10","12-17","5-7","0-1","7-9","0-1","0-2","0-2","12-12"
"288","293","IU Indy","Horizon","9-21","3-12","0-2","6-7","0-0","0-3","0-4","9-14"
"289","283","Boston U.","Patriot","12-19","5-11","0-0","7-8","0-2","0-0","0-2","12-15"
"290","290","La Salle","Atlantic 10","9-23","3-12","2-2","4-9","0-1","0-5","0-2","9-15"
"291","291","Florida A&M","SWAC","8-21","3-13","0-1","5-7","0-2","0-2","0-1","8-16"
"292","295","Milwaukee","Horizon","7-24","2-14","1-1","4-9","0-1","0-2","0-5","7-16"
"293","289","New Orleans","Southland","5-24","3-15","0-0","2-9","0-3","0-1","0-3","5-17"
"294","292","Sacred Heart","MAAC","8-20","2-13","0-0","6-7","0-0","0-3","0-3","8-14"
"295","296","Akron","MAC","8-21","2-12","1-0","5-9","0-1","0-1","0-2","8-17"
"296","294","UMBC","America East","12-15","4-10","1-0","7-5","0-1","0-1","0-3","12-10"
"297","298","Youngstown St.","Horizon","9-19","3-11","0-2","6-6","0-1","0-1","0-4","9-13"
"298","300","Tennessee St.","OVC","9-21","3-14","0-1","6-6","0-1","0-0","0-2","9-18"
"299","303","Southern Utah","WAC","7-21","4-9","0-3","3-9","0-1","0-3","0-2","7-15"
"300","297","Loyola Maryland","Patriot","8-21","4-12","0-0","4-9","0-1","0-1","0-2","8-17"
"301","299","Saint Peter's","MAAC","11-19","4-13","0-1","7-5","0-0","0-3","0-1","11-15"
"302","302","Utah St.","Mountain West","4-27","1-14","0-3","3-10","0-2","0-3","0-3","4-19"
"303","305","Wright St.","Horizon","10-21","2-13","0-2","8-6","0-0","0-2","0-6","10-13"
"304","301","New Hampshire","America East","9-20","5-13","0-0","4-7","0-0","0-1","0-3","9-16"
"305","306","Radford","Big South","12-17","5-10","1-2","6-5","0-1","0-4","0-0","12-12"
"306","304","East Texas A&M","Southland","5-22","3-12","0-1","2-9","0-1","0-1","0-4","5-16"
"307","309","Oakland","Horizon","8-22","5-12","0-2","3-8","0-4","0-2","0-4","8-12"
"308","308","South Alabama","Sun Belt","4-24","2-14","0-2","2-8","0-1","0-0","0-4","4-19"
"309","312","Evansville","MVC","6-25","0-15","0-3","6-7","0-1","0-5","0-4","6-15"
"310","307","Iona","MAAC","11-21","3-11","1-3","7-7","0-0","0-1","0-5","11-15"
"311","311","Alcorn","SWAC","12-18","4-14","2-1","6-3","0-3","0-1","0-1","12-13"
"312","310","Lafayette","Patriot","10-21","4-12","0-0","6-9","0-2","0-1","0-2","10-16"
"313","313","Charleston So.","Big South","14-16","7-9","0-1","7-6","0-3","0-0","0-1","14-12"
"314","314","Dartmouth","Ivy League","6-19","5-8","0-0","1-11","0-2","0-4","0-1","6-12"
"315","315","Queens (NC)","ASUN","8-19","4-10","0-0","4-9","0-1","0-1","0-2","8-15"
"316","316","Morehead St.","OVC","7-20","3-11","1-0","3-9","0-1","0-0","0-0","7-19"
"317","317","Portland St.","Big Sky","4-24","1-12","0-1","3-11","0-0","0-3","0-2","4-19"
"318","319","Bethune-Cookman","SWAC","8-21","2-14","1-2","5-5","0-0","0-2","0-2","8-17"
"319","320","Hampton","CAA","7-23","3-10","1-3","3-10","0-1","0-0","1-2","6-20"
"320","325","Morgan St.","MEAC","10-17","4-11","1-2","5-4","0-1","0-2","0-1","10-13"
"321","321","Winthrop","Big South","14-15","5-9","2-2","7-4","0-2","0-0","0-1","14-12"
"322","323","Gardner-Webb","Big South","10-18","4-12","0-1","6-5","0-1","0-1","0-1","10-15"
"323","324","Mercer","SoCon","8-22","3-11","0-1","5-10","0-1","0-1","0-1","8-19"
"324","327","SIUE","OVC","5-22","2-13","0-0","3-9","0-0","0-2","0-2","5-18"
"325","322","McNeese","Southland","6-21","4-10","1-1","1-10","0-2","0-0","0-5","6-14"
"326","318","Stonehill","NEC","16-16","7-11","0-0","9-5","0-0","0-2","0-1","16-13"
"327","326","Cal St. Fullerton","Big West","5-23","3-13","0-0","2-10","0-1","0-0","0-0","5-22"
"328","329","Eastern Mich.","MAC","2-27","1-13","0-1","1-13","0-2","0-1","0-4","2-20"
"329","328","Yale","Ivy League","4-23","2-12","0-0","2-11","0-3","0-4","0-2","4-14"
"330","332","Southeast Mo. St.","OVC","5-23","2-13","0-0","3-10","0-1","0-0","0-1","5-21"
"331","330","Canisius","MAAC","10-21","5-10","0-1","5-10","0-0","0-1","0-3","10-17"
"332","331","Rider","MAAC","7-22","3-12","0-0","4-10","0-0","0-1","0-2","7-19"
"333","333","Utah Tech","WAC","4-25","1-13","1-1","2-11","0-1","0-2","0-3","4-19"
"334","334","Ohio","MAC","5-23","2-12","0-0","3-11","0-1","0-1","0-4","5-17"
"335","336","Central Conn. St.","NEC","10-19","4-11","0-0","6-8","0-1","0-2","0-1","10-15"
"336","337","St. Bonaventure","Atlantic 10","6-24","2-13","0-1","4-10","0-2","0-1","0-5","6-16"
"337","335","Houston Christian","Southland","4-23","0-14","0-0","4-9","0-2","0-1","0-4","4-16"
"338","339","Southern Ill.","MVC","3-26","2-13","0-1","1-12","0-0","0-7","0-5","3-14"
"339","338","Mercyhurst","NEC","6-18","2-13","0-0","4-5","0-1","0-0","0-2","6-15"
"340","341","N.C. Central","MEAC","8-21","3-14","0-1","5-6","0-4","0-2","0-3","8-12"
"341","340","North Florida","ASUN","3-26","0-16","0-0","3-10","0-2","0-2","0-2","3-20"
"342","342","Mississippi Val.","SWAC","8-23","1-17","1-1","6-5","0-1","0-0","0-1","8-21"
"343","343","Prairie View","SWAC","7-19","2-13","1-1","4-5","0-2","0-0","0-1","7-16"
"344","346","Seattle U","WAC","3-26","1-14","1-2","1-10","0-1","0-3","0-1","3-21"
"345","344","Chicago St.","NEC","7-26","2-15","0-1","5-10","0-2","0-2","0-3","7-19"
"346","345","UMass Lowell","America East","3-25","2-11","0-2","1-12","0-1","0-0","0-3","3-21"
"347","347","CSU Bakersfield","Big West","2-28","1-15","0-0","1-13","0-0","0-2","0-0","2-26"
"348","348","USC Upstate","Big South","7-21","4-11","0-1","3-9","0-3","0-1","0-0","7-17"
"349","349","Saint Francis","NEC","11-19","6-11","0-0","5-8","0-1","0-1","0-3","11-14"
"350","350","CSUN","Big West","3-25","2-13","0-0","1-12","0-1","0-0","0-0","3-24"
"351","351","Ark.-Pine Bluff","SWAC","1-25","0-16","0-0","1-9","0-2","0-0","0-1","1-22"
"352","352","Presbyterian","Big South","5-24","4-10","0-3","1-11","0-0","0-2","0-1","5-21"
"353","353","Niagara","MAAC","2-25","1-14","0-0","1-11","0-1","0-0","0-4","2-20"
"354","356","Alabama St.","SWAC","4-24","1-15","0-2","3-7","0-5","0-3","0-0","4-16"
"355","355","UNC Asheville","Big South","2-27","1-14","1-1","0-12","0-0","0-1","0-0","2-26"
"356","354","American","Patriot","1-29","0-14","0-2","1-13","0-0","0-1","0-1","1-27"
"357","357","Le Moyne","NEC","7-24","1-15","0-2","6-7","0-1","0-3","0-1","7-19"
"358","358","Northeastern","CAA","3-25","1-14","0-1","2-10","0-1","0-1","0-1","3-22"
"359","359","Wagner","NEC","6-21","2-13","0-1","4-7","0-0","0-2","0-1","6-18"
"360","360","LIU","NEC","6-24","0-15","0-0","6-9","0-1","0-0","0-2","6-21"
"361","361","South Carolina St.","MEAC","2-29","0-15","0-3","2-11","0-1","0-1","0-3","2-24"
"362","362","Delaware St.","MEAC","1-24","0-14","0-1","1-9","0-1","0-1","0-2","1-20"
